{"cameraMode":{"drawMode":0,"name":"Shaded","section":"Shading Mode"},"sceneLighting":true,"audioPlay":false,"sceneViewState":{"m_AlwaysRefresh":false,"showFog":true,"showSkybox":true,"showFlares":true,"showImageEffects":true,"showParticleSystems":true,"showVisualEffectGraphs":true,"m_FxEnabled":true},"in2DMode":false,"pivot":{"x":10.940811157226563,"y":-0.13850688934326173,"z":-5.856283187866211},"rotation":{"x":0.08898550271987915,"y":0.8927536010742188,"z":-0.20235471427440644,"w":0.39258718490600588},"size":12.407841682434082,"orthographic":false}