{"cameraMode":{"drawMode":0,"name":"Shaded","section":"Shading Mode"},"sceneLighting":true,"audioPlay":false,"sceneViewState":{"m_AlwaysRefresh":false,"showFog":true,"showSkybox":true,"showFlares":true,"showImageEffects":true,"showParticleSystems":true,"showVisualEffectGraphs":true,"m_FxEnabled":true},"in2DMode":false,"pivot":{"x":1.7777150869369507,"y":-3.0696613788604738,"z":-1.4736320972442628},"rotation":{"x":0.4664720296859741,"y":-0.017246464267373086,"z":0.009097359143197537,"w":0.8843216896057129},"size":4.865182399749756,"orthographic":false}