{"cameraMode":{"drawMode":0,"name":"Shaded","section":"Shading Mode"},"sceneLighting":true,"audioPlay":false,"sceneViewState":{"m_AlwaysRefresh":false,"showFog":true,"showSkybox":true,"showFlares":true,"showImageEffects":true,"showParticleSystems":true,"showVisualEffectGraphs":true,"m_FxEnabled":true},"in2DMode":false,"pivot":{"x":2.184432029724121,"y":-5.299561977386475,"z":3.1889519691467287},"rotation":{"x":0.36850211024284365,"y":0.0013944368110969663,"z":-0.0005527505418285728,"w":0.9296239018440247},"size":8.560087203979493,"orthographic":false}